{"cameraMode":{"drawMode":0,"name":"Shaded","section":"Shading Mode"},"sceneLighting":true,"audioPlay":false,"sceneViewState":{"showFog":true,"showMaterialUpdate":false,"showSkybox":false,"showFlares":true,"showImageEffects":true,"showParticleSystems":true},"in2DMode":false,"pivot":{"x":0.004999995231628418,"y":0.06999999284744263,"z":-0.021000027656555177},"rotation":{"x":-0.2564321756362915,"y":0.15489508211612702,"z":-0.04167145863175392,"w":-0.9531635046005249},"size":4.00103759765625,"orthographic":false}