{"cameraMode":{"drawMode":0,"name":"Shaded","section":"Shading Mode"},"sceneLighting":true,"audioPlay":false,"sceneViewState":{"showFog":true,"showMaterialUpdate":false,"showSkybox":true,"showFlares":true,"showImageEffects":true,"showParticleSystems":true},"in2DMode":false,"pivot":{"x":0.12994384765625,"y":-0.66925048828125,"z":0.0185546875},"rotation":{"x":0.029995346441864969,"y":-0.002998646581545472,"z":0.00008998632256407291,"w":0.9995456337928772},"size":4.148608684539795,"orthographic":true}